,#,Full Name,Pos.,Ht.,Wt.,Years / at Minn.,Eligibility,Hometown / High School / Previous School,Current School Name,Unnamed: 8,Unnamed: 9,Unnamed: 10,Unnamed: 11,Unnamed: 12,Unnamed: 13,Unnamed: 14,Unnamed: 15,Unnamed: 16,Unnamed: 17,Unnamed: 18,Unnamed: 19,Unnamed: 20,Unnamed: 21,Unnamed: 22,Unnamed: 23,Unnamed: 24,Unnamed: 25,Unnamed: 26,Unnamed: 27,Unnamed: 28,Unnamed: 29,Unnamed: 30,Unnamed: 31,Unnamed: 32,Unnamed: 33,Unnamed: 34,Unnamed: 35,Unnamed: 36,Unnamed: 37,Unnamed: 38,Unnamed: 39,Unnamed: 40,Unnamed: 41,Unnamed: 42,Unnamed: 43,Unnamed: 44,Unnamed: 45,Unnamed: 46,Unnamed: 47,Unnamed: 48,Unnamed: 49,Unnamed: 50,Unnamed: 51,Unnamed: 52,Unnamed: 53,Unnamed: 54,Unnamed: 55,Unnamed: 56,Unnamed: 57,Unnamed: 58,Unnamed: 59,Unnamed: 60,Unnamed: 61,Unnamed: 62,Unnamed: 63,Unnamed: 64,Unnamed: 65,Unnamed: 66,Unnamed: 67,Unnamed: 68,Unnamed: 69,Unnamed: 70,Unnamed: 71,Unnamed: 72,Unnamed: 73,Unnamed: 74,Unnamed: 75,Unnamed: 76,Unnamed: 77,Unnamed: 78,Unnamed: 79,Unnamed: 80,Unnamed: 81,Unnamed: 82,Unnamed: 83,Unnamed: 84,Unnamed: 85,Unnamed: 86,Unnamed: 87,Unnamed: 88,Unnamed: 89,Unnamed: 90,Unnamed: 91,Unnamed: 92,Unnamed: 93,Unnamed: 94
0,0,Le'Meke Brockington,WR,6' 0'',200,3 / 3,3 years,"Moultrie, Ga. / Colquitt County",Minnesota,,,,,,,,,,,,,,,,,,,,,,,,,,,,,,,,,,,,,,,,,,,,,,,,,,,,,,,,,,,,,,,,,,,,,,,,,,,,,,,,,,,,,,,
1,0,Anthony Smith,DL,6' 6'',280,2 / 2,4 years,"Shippensburg, Pa. / Shippensburg",Minnesota,,,,,,,,,,,,,,,,,,,,,,,,,,,,,,,,,,,,,,,,,,,,,,,,,,,,,,,,,,,,,,,,,,,,,,,,,,,,,,,,,,,,,,,
2,1,Darius Taylor,RB,5' 11'',195,1 / 1,4 years,"Detroit, Mich. / Walled Lake Western",Minnesota,,,,,,,,,,,,,,,,,,,,,,,,,,,,,,,,,,,,,,,,,,,,,,,,,,,,,,,,,,,,,,,,,,,,,,,,,,,,,,,,,,,,,,,
3,2,Miles Fleming,DB,5' 11'',195,3 / 3,4 years,"Columbus, Ohio / Bishop Hartley",Minnesota,,,,,,,,,,,,,,,,,,,,,,,,,,,,,,,,,,,,,,,,,,,,,,,,,,,,,,,,,,,,,,,,,,,,,,,,,,,,,,,,,,,,,,,
4,2,Sean Tyler,RB,5' 8'',185,5 / 1,1 year,"Richton Park, Ill. / Rich Central / Western Michigan",Minnesota,,,,,,,,,,,,,,,,,,,,,,,,,,,,,,,,,,,,,,,,,,,,,,,,,,,,,,,,,,,,,,,,,,,,,,,,,,,,,,,,,,,,,,,
5,4,Corey Crooms Jr.,WR,6' 0'',180,5 / 1,1 year,"Country Club Hills, Ill. / Hillcrest / Western Michigan",Minnesota,,,,,,,,,,,,,,,,,,,,,,,,,,,,,,,,,,,,,,,,,,,,,,,,,,,,,,,,,,,,,,,,,,,,,,,,,,,,,,,,,,,,,,,
6,5,Justin Walley,DB,5' 11'',185,3 / 3,2 years,"D’Iberville, Miss. / D’Iberville",Minnesota,,,,,,,,,,,,,,,,,,,,,,,,,,,,,,,,,,,,,,,,,,,,,,,,,,,,,,,,,,,,,,,,,,,,,,,,,,,,,,,,,,,,,,,
7,Skip Ad,Skip Ad,Skip Ad,Skip Ad,Skip Ad,Skip Ad,Skip Ad,Skip Ad,Minnesota,Skip Ad,Skip Ad,Skip Ad,Skip Ad,Skip Ad,Skip Ad,Skip Ad,Skip Ad,Skip Ad,Skip Ad,Skip Ad,Skip Ad,Skip Ad,Skip Ad,Skip Ad,Skip Ad,Skip Ad,Skip Ad,Skip Ad,Skip Ad,Skip Ad,Skip Ad,Skip Ad,Skip Ad,Skip Ad,Skip Ad,Skip Ad,Skip Ad,Skip Ad,Skip Ad,Skip Ad,Skip Ad,Skip Ad,Skip Ad,Skip Ad,Skip Ad,Skip Ad,Skip Ad,Skip Ad,Skip Ad,Skip Ad,Skip Ad,Skip Ad,Skip Ad,Skip Ad,Skip Ad,Skip Ad,Skip Ad,Skip Ad,Skip Ad,Skip Ad,Skip Ad,Skip Ad,Skip Ad,Skip Ad,Skip Ad,Skip Ad,Skip Ad,Skip Ad,Skip Ad,Skip Ad,Skip Ad,Skip Ad,Skip Ad,Skip Ad,Skip Ad,Skip Ad,Skip Ad,Skip Ad,Skip Ad,Skip Ad,Skip Ad,Skip Ad,Skip Ad,Skip Ad,Skip Ad,Skip Ad,Skip Ad,Skip Ad,Skip Ad,Skip Ad,Skip Ad,Skip Ad,Skip Ad,Skip Ad,Skip Ad,Skip Ad
8,6,Maverick Baranowski,LB,6' 3'',210,2 / 2,4 years,"Ponce Inlet, Fla. / Spruce Creek",Minnesota,,,,,,,,,,,,,,,,,,,,,,,,,,,,,,,,,,,,,,,,,,,,,,,,,,,,,,,,,,,,,,,,,,,,,,,,,,,,,,,,,,,,,,,
9,7,Chris Autman-Bell,WR,6' 1'',210,7 / 7,1 year,"Kankakee, Ill. / Bishop McNamara",Minnesota,,,,,,,,,,,,,,,,,,,,,,,,,,,,,,,,,,,,,,,,,,,,,,,,,,,,,,,,,,,,,,,,,,,,,,,,,,,,,,,,,,,,,,,
10,7,Aidan Gousby,DB,6' 0'',180,2 / 2,4 years,"Lehigh Acres, Fla. / Lehigh Senior",Minnesota,,,,,,,,,,,,,,,,,,,,,,,,,,,,,,,,,,,,,,,,,,,,,,,,,,,,,,,,,,,,,,,,,,,,,,,,,,,,,,,,,,,,,,,
11,8,Darnell Jefferies,DL,6' 2'',295,6 / 2,1 year,"Covington, Ga. / Newton / Clemson",Minnesota,,,,,,,,,,,,,,,,,,,,,,,,,,,,,,,,,,,,,,,,,,,,,,,,,,,,,,,,,,,,,,,,,,,,,,,,,,,,,,,,,,,,,,,
12,8,Athan Kaliakmanis,QB,6' 4'',210,3 / 3,3 years,"Antioch, Ill. / Antioch",Minnesota,,,,,,,,,,,,,,,,,,,,,,,,,,,,,,,,,,,,,,,,,,,,,,,,,,,,,,,,,,,,,,,,,,,,,,,,,,,,,,,,,,,,,,,
13,9,Daniel Jackson,WR,6' 0'',200,4 / 4,2 years,"Kansas City, Kan. / Bishop Miege",Minnesota,,,,,,,,,,,,,,,,,,,,,,,,,,,,,,,,,,,,,,,,,,,,,,,,,,,,,,,,,,,,,,,,,,,,,,,,,,,,,,,,,,,,,,,
14,9,Devon Williams,LB,6' 1'',220,3 / 3,3 years,"Dublin, Ohio / Dublin Coffman",Minnesota,,,,,,,,,,,,,,,,,,,,,,,,,,,,,,,,,,,,,,,,,,,,,,,,,,,,,,,,,,,,,,,,,,,,,,,,,,,,,,,,,,,,,,,
15,11,Elijah Spencer,WR,6' 2'',190,3 / 1,2 years,"Irmo, S.C. / Dutch Fork / Charlotte",Minnesota,,,,,,,,,,,,,,,,,,,,,,,,,,,,,,,,,,,,,,,,,,,,,,,,,,,,,,,,,,,,,,,,,,,,,,,,,,,,,,,,,,,,,,,
16,12,Darius Green,DB,6' 1'',190,3 / 3,3 years,"Covington, Ga. / Newton",Minnesota,,,,,,,,,,,,,,,,,,,,,,,,,,,,,,,,,,,,,,,,,,,,,,,,,,,,,,,,,,,,,,,,,,,,,,,,,,,,,,,,,,,,,,,
17,12,Cole Kramer,QB,6' 1'',205,5 / 5,2 years,"Eden Prairie, Minn. / Eden Prairie",Minnesota,,,,,,,,,,,,,,,,,,,,,,,,,,,,,,,,,,,,,,,,,,,,,,,,,,,,,,,,,,,,,,,,,,,,,,,,,,,,,,,,,,,,,,,
18,13,Chris Collins,DL,6' 5'',245,6 / 1,1 year,"RIchmond, Va. / Benedictine College Prep / North Carolina",Minnesota,,,,,,,,,,,,,,,,,,,,,,,,,,,,,,,,,,,,,,,,,,,,,,,,,,,,,,,,,,,,,,,,,,,,,,,,,,,,,,,,,,,,,,,
19,13,Kristen Hoskins,WR,5' 9'',170,2 / 2,4 years,"Alexandria, Minn. / Alexandria",Minnesota,,,,,,,,,,,,,,,,,,,,,,,,,,,,,,,,,,,,,,,,,,,,,,,,,,,,,,,,,,,,,,,,,,,,,,,,,,,,,,,,,,,,,,,
20,14,Kerry Brown,DB,5' 10'',180,1 / 1,4 years,"Naples, Fla. / Naples",Minnesota,,,,,,,,,,,,,,,,,,,,,,,,,,,,,,,,,,,,,,,,,,,,,,,,,,,,,,,,,,,,,,,,,,,,,,,,,,,,,,,,,,,,,,,
21,14,Evan Redding,WR,5' 11'',180,2 / 2,4 years,"Menomonee Falls, Wis. / Menomonee Falls",Minnesota,,,,,,,,,,,,,,,,,,,,,,,,,,,,,,,,,,,,,,,,,,,,,,,,,,,,,,,,,,,,,,,,,,,,,,,,,,,,,,,,,,,,,,,
22,15,Kenric Lanier II,WR,6' 1'',180,1 / 1,4 years,"Decatur, Ga. / Decatur",Minnesota,,,,,,,,,,,,,,,,,,,,,,,,,,,,,,,,,,,,,,,,,,,,,,,,,,,,,,,,,,,,,,,,,,,,,,,,,,,,,,,,,,,,,,,
23,16,Coleman Bryson,DB,6' 2'',210,2 / 2,4 years,"Waynesville, N.C. / Rabun Gap-Nacoochee School",Minnesota,,,,,,,,,,,,,,,,,,,,,,,,,,,,,,,,,,,,,,,,,,,,,,,,,,,,,,,,,,,,,,,,,,,,,,,,,,,,,,,,,,,,,,,
24,17,Cade Conzemius,WR,5' 10'',180,2 / 2,4 years,"Minnetonka, Minn. / Minnetonka",Minnesota,,,,,,,,,,,,,,,,,,,,,,,,,,,,,,,,,,,,,,,,,,,,,,,,,,,,,,,,,,,,,,,,,,,,,,,,,,,,,,,,,,,,,,,
25,17,Jah Joyner,DL,6' 5'',250,4 / 4,3 years,"Danbury, Conn. / Danbury",Minnesota,,,,,,,,,,,,,,,,,,,,,,,,,,,,,,,,,,,,,,,,,,,,,,,,,,,,,,,,,,,,,,,,,,,,,,,,,,,,,,,,,,,,,,,
26,18,Rhyland Kelly,DB,6' 2'',180,2 / 2,4 years,"Winnipeg, Manitoba, Canada / Clearwater Academy International",Minnesota,,,,,,,,,,,,,,,,,,,,,,,,,,,,,,,,,,,,,,,,,,,,,,,,,,,,,,,,,,,,,,,,,,,,,,,,,,,,,,,,,,,,,,,
27,18,Drew Viotto,QB,6' 4'',230,1 / 1,4 years,"Sault Ste Marie, Ontario / Walled Lake Western",Minnesota,,,,,,,,,,,,,,,,,,,,,,,,,,,,,,,,,,,,,,,,,,,,,,,,,,,,,,,,,,,,,,,,,,,,,,,,,,,,,,,,,,,,,,,
28,19,Joey Gerlach,LB,6' 3'',205,2 / 2,4 years,"Woodbury, Minn. / Woodbury",Minnesota,,,,,,,,,,,,,,,,,,,,,,,,,,,,,,,,,,,,,,,,,,,,,,,,,,,,,,,,,,,,,,,,,,,,,,,,,,,,,,,,,,,,,,,
29,20,Jack Henderson,DB,6' 3'',210,4 / 1,2 years,"Mandeville, La. / Mandeville / Southeastern Louisiana",Minnesota,,,,,,,,,,,,,,,,,,,,,,,,,,,,,,,,,,,,,,,,,,,,,,,,,,,,,,,,,,,,,,,,,,,,,,,,,,,,,,,,,,,,,,,
30,21,Bryce Williams,RB,6' 0'',215,6 / 6,1 year,"Sarasota, Fla. / Cardinal Mooney",Minnesota,,,,,,,,,,,,,,,,,,,,,,,,,,,,,,,,,,,,,,,,,,,,,,,,,,,,,,,,,,,,,,,,,,,,,,,,,,,,,,,,,,,,,,,
31,23,Garrison Monroe,DB,6' 0'',185,1 / 1,4 years,"Shakopee, Minn. / Shakopee",Minnesota,,,,,,,,,,,,,,,,,,,,,,,,,,,,,,,,,,,,,,,,,,,,,,,,,,,,,,,,,,,,,,,,,,,,,,,,,,,,,,,,,,,,,,,
32,24,Tariq Watson,DB,5' 10'',170,2 / 2,4 years,"Gretna, La. / Helen Cox",Minnesota,,,,,,,,,,,,,,,,,,,,,,,,,,,,,,,,,,,,,,,,,,,,,,,,,,,,,,,,,,,,,,,,,,,,,,,,,,,,,,,,,,,,,,,
33,Skip Ad,Skip Ad,Skip Ad,Skip Ad,Skip Ad,Skip Ad,Skip Ad,Skip Ad,Minnesota,Skip Ad,Skip Ad,Skip Ad,Skip Ad,Skip Ad,Skip Ad,Skip Ad,Skip Ad,Skip Ad,Skip Ad,Skip Ad,Skip Ad,Skip Ad,Skip Ad,Skip Ad,Skip Ad,Skip Ad,Skip Ad,Skip Ad,Skip Ad,Skip Ad,Skip Ad,Skip Ad,Skip Ad,Skip Ad,Skip Ad,Skip Ad,Skip Ad,Skip Ad,Skip Ad,Skip Ad,Skip Ad,Skip Ad,Skip Ad,Skip Ad,Skip Ad,Skip Ad,Skip Ad,Skip Ad,Skip Ad,Skip Ad,Skip Ad,Skip Ad,Skip Ad,Skip Ad,Skip Ad,Skip Ad,Skip Ad,Skip Ad,Skip Ad,Skip Ad,Skip Ad,Skip Ad,Skip Ad,Skip Ad,Skip Ad,Skip Ad,Skip Ad,Skip Ad,Skip Ad,Skip Ad,Skip Ad,Skip Ad,Skip Ad,Skip Ad,Skip Ad,Skip Ad,Skip Ad,Skip Ad,Skip Ad,Skip Ad,Skip Ad,Skip Ad,Skip Ad,Skip Ad,Skip Ad,Skip Ad,Skip Ad,Skip Ad,Skip Ad,Skip Ad,Skip Ad,Skip Ad,Skip Ad,Skip Ad,Skip Ad,Skip Ad
34,26,Zach Evans,RB,5' 10'',205,2 / 2,4 years,"Heath, Texas / Rockwall-Heath",Minnesota,,,,,,,,,,,,,,,,,,,,,,,,,,,,,,,,,,,,,,,,,,,,,,,,,,,,,,,,,,,,,,,,,,,,,,,,,,,,,,,,,,,,,,,
35,26,Victor Pless,DB,5' 10'',175,4 / 4,3 years,"Kennesaw, Ga. / Harrison",Minnesota,,,,,,,,,,,,,,,,,,,,,,,,,,,,,,,,,,,,,,,,,,,,,,,,,,,,,,,,,,,,,,,,,,,,,,,,,,,,,,,,,,,,,,,
36,27,Tyler Nubin,DB,6' 2'',210,5 / 5,1 year,"Saint Charles, Ill. / St. Charles North",Minnesota,,,,,,,,,,,,,,,,,,,,,,,,,,,,,,,,,,,,,,,,,,,,,,,,,,,,,,,,,,,,,,,,,,,,,,,,,,,,,,,,,,,,,,,
37,28,Colton Gregersen,DL,6' 2'',230,2 / 2,4 years,"Burnsville, Minn. / Burnsville",Minnesota,,,,,,,,,,,,,,,,,,,,,,,,,,,,,,,,,,,,,,,,,,,,,,,,,,,,,,,,,,,,,,,,,,,,,,,,,,,,,,,,,,,,,,,
38,28,Zach Jorgensen,WR,6' 2'',185,2 / 2,4 years,"Fairmont, Minn. / Fairmont",Minnesota,,,,,,,,,,,,,,,,,,,,,,,,,,,,,,,,,,,,,,,,,,,,,,,,,,,,,,,,,,,,,,,,,,,,,,,,,,,,,,,,,,,,,,,
39,30,Jordan Nubin,RB,5' 11'',210,3 / 3,3 years,"St. Charles, Ill. / St. Charles North",Minnesota,,,,,,,,,,,,,,,,,,,,,,,,,,,,,,,,,,,,,,,,,,,,,,,,,,,,,,,,,,,,,,,,,,,,,,,,,,,,,,,,,,,,,,,
40,31,Jordan Greenhow,DB,5' 11'',185,3 / 2,3 years,"Glen Allen, Va. / Glen Allen HS",Minnesota,,,,,,,,,,,,,,,,,,,,,,,,,,,,,,,,,,,,,,,,,,,,,,,,,,,,,,,,,,,,,,,,,,,,,,,,,,,,,,,,,,,,,,,
41,33,Max Grand,RB,5' 9'',195,2 / 2,4 years,"Ellsworth, Wis. / Ellsworth",Minnesota,,,,,,,,,,,,,,,,,,,,,,,,,,,,,,,,,,,,,,,,,,,,,,,,,,,,,,,,,,,,,,,,,,,,,,,,,,,,,,,,,,,,,,,
42,33,Ryan Selig,LB,6' 3'',240,6 / 1,1 year,"Lake Villa, Ill. / Lakes Community / Western Michigan",Minnesota,,,,,,,,,,,,,,,,,,,,,,,,,,,,,,,,,,,,,,,,,,,,,,,,,,,,,,,,,,,,,,,,,,,,,,,,,,,,,,,,,,,,,,,
43,34,Jack Tinnen,LB,6' 4'',205,2 / 2,4 years,"Brookfield, Wis. / Brookfield Central",Minnesota,,,,,,,,,,,,,,,,,,,,,,,,,,,,,,,,,,,,,,,,,,,,,,,,,,,,,,,,,,,,,,,,,,,,,,,,,,,,,,,,,,,,,,,
44,35,Derik LeCaptain,LB,6' 2'',235,5 / 5,2 years,"Gardner, Wis. / Southern Door",Minnesota,,,,,,,,,,,,,,,,,,,,,,,,,,,,,,,,,,,,,,,,,,,,,,,,,,,,,,,,,,,,,,,,,,,,,,,,,,,,,,,,,,,,,,,
45,36,Ryan Shamburger,P,6' 2'',190,4 / 2,2 years,"McKinney, Texas / Mckinney North / Navarro College",Minnesota,,,,,,,,,,,,,,,,,,,,,,,,,,,,,,,,,,,,,,,,,,,,,,,,,,,,,,,,,,,,,,,,,,,,,,,,,,,,,,,,,,,,,,,
46,37,Brady Weeks,LS,6' 0'',215,5 / 5,1 year,"O'Fallon, Mo. / Fort Zumwalt West",Minnesota,,,,,,,,,,,,,,,,,,,,,,,,,,,,,,,,,,,,,,,,,,,,,,,,,,,,,,,,,,,,,,,,,,,,,,,,,,,,,,,,,,,,,,,
47,41,Cade Larson,LB,6' 1'',205,2 / 2,4 years,"Harrisburg, S.D. / Harrisburg",Minnesota,,,,,,,,,,,,,,,,,,,,,,,,,,,,,,,,,,,,,,,,,,,,,,,,,,,,,,,,,,,,,,,,,,,,,,,,,,,,,,,,,,,,,,,
48,42,Jack Hawkinson,DL,6' 4'',215,3 / 3,3 years,"Frankfort, Ill. / Lincoln-Way East",Minnesota,,,,,,,,,,,,,,,,,,,,,,,,,,,,,,,,,,,,,,,,,,,,,,,,,,,,,,,,,,,,,,,,,,,,,,,,,,,,,,,,,,,,,,,
49,43,Eli Mau,LB,6' 2'',225,3 / 3,3 years,"Victoria, Minn. / Chanhassen",Minnesota,,,,,,,,,,,,,,,,,,,,,,,,,,,,,,,,,,,,,,,,,,,,,,,,,,,,,,,,,,,,,,,,,,,,,,,,,,,,,,,,,,,,,,,
50,44,Tyler Stolsky,LB,6' 2'',225,2 / 2,4 years,"Portage, Mich. / Portage Central",Minnesota,,,,,,,,,,,,,,,,,,,,,,,,,,,,,,,,,,,,,,,,,,,,,,,,,,,,,,,,,,,,,,,,,,,,,,,,,,,,,,,,,,,,,,,
51,45,Cody Lindenberg,LB,6' 3'',235,4 / 4,3 years,"Anoka, Minn. / Anoka",Minnesota,,,,,,,,,,,,,,,,,,,,,,,,,,,,,,,,,,,,,,,,,,,,,,,,,,,,,,,,,,,,,,,,,,,,,,,,,,,,,,,,,,,,,,,
52,46,Lucas Finnessy,LB,6' 3'',240,4 / 4,2 years,"Sussex, Wis. / Hamilton",Minnesota,,,,,,,,,,,,,,,,,,,,,,,,,,,,,,,,,,,,,,,,,,,,,,,,,,,,,,,,,,,,,,,,,,,,,,,,,,,,,,,,,,,,,,,
53,47,Hayden Schwartz,DL,6' 4'',245,2 / 2,4 years,"Jacksonville, Fla. / The Bolles School",Minnesota,,,,,,,,,,,,,,,,,,,,,,,,,,,,,,,,,,,,,,,,,,,,,,,,,,,,,,,,,,,,,,,,,,,,,,,,,,,,,,,,,,,,,,,
54,48,Jacob Lewis,K,6' 2'',215,4 / 2,3 years,"Delaware, Ohio / Olentangy Berlin / Ball State",Minnesota,,,,,,,,,,,,,,,,,,,,,,,,,,,,,,,,,,,,,,,,,,,,,,,,,,,,,,,,,,,,,,,,,,,,,,,,,,,,,,,,,,,,,,,
55,50,JJ Guedet,OL,6' 7'',310,5 / 5,2 years,"Washington, Ill. / Washington Community",Minnesota,,,,,,,,,,,,,,,,,,,,,,,,,,,,,,,,,,,,,,,,,,,,,,,,,,,,,,,,,,,,,,,,,,,,,,,,,,,,,,,,,,,,,,,
56,52,Spencer Alvarez,OL,6' 6'',260,2 / 2,4 years,"Columbia Heights, Minn. / Columbia Heights",Minnesota,,,,,,,,,,,,,,,,,,,,,,,,,,,,,,,,,,,,,,,,,,,,,,,,,,,,,,,,,,,,,,,,,,,,,,,,,,,,,,,,,,,,,,,
57,52,Luther McCoy,DL,6' 5'',305,3 / 3,3 years,"Saint Johns, Fla. / Creekside",Minnesota,,,,,,,,,,,,,,,,,,,,,,,,,,,,,,,,,,,,,,,,,,,,,,,,,,,,,,,,,,,,,,,,,,,,,,,,,,,,,,,,,,,,,,,
58,55,Karter Shaw,OL,6' 4'',310,6 / 3,1 year,"South Jordan, Utah / Herriman / Utah State",Minnesota,,,,,,,,,,,,,,,,,,,,,,,,,,,,,,,,,,,,,,,,,,,,,,,,,,,,,,,,,,,,,,,,,,,,,,,,,,,,,,,,,,,,,,,
59,Skip Ad,Skip Ad,Skip Ad,Skip Ad,Skip Ad,Skip Ad,Skip Ad,Skip Ad,Minnesota,Skip Ad,Skip Ad,Skip Ad,Skip Ad,Skip Ad,Skip Ad,Skip Ad,Skip Ad,Skip Ad,Skip Ad,Skip Ad,Skip Ad,Skip Ad,Skip Ad,Skip Ad,Skip Ad,Skip Ad,Skip Ad,Skip Ad,Skip Ad,Skip Ad,Skip Ad,Skip Ad,Skip Ad,Skip Ad,Skip Ad,Skip Ad,Skip Ad,Skip Ad,Skip Ad,Skip Ad,Skip Ad,Skip Ad,Skip Ad,Skip Ad,Skip Ad,Skip Ad,Skip Ad,Skip Ad,Skip Ad,Skip Ad,Skip Ad,Skip Ad,Skip Ad,Skip Ad,Skip Ad,Skip Ad,Skip Ad,Skip Ad,Skip Ad,Skip Ad,Skip Ad,Skip Ad,Skip Ad,Skip Ad,Skip Ad,Skip Ad,Skip Ad,Skip Ad,Skip Ad,Skip Ad,Skip Ad,Skip Ad,Skip Ad,Skip Ad,Skip Ad,Skip Ad,Skip Ad,Skip Ad,Skip Ad,Skip Ad,Skip Ad,Skip Ad,Skip Ad,Skip Ad,Skip Ad,Skip Ad,Skip Ad,Skip Ad,Skip Ad,Skip Ad,Skip Ad,Skip Ad,Skip Ad,Skip Ad,Skip Ad,Skip Ad
60,58,Jackson Hunter,OL,6' 6'',275,3 / 3,3 years,"Oconomowoc, Wis. / Oconomowoc",Minnesota,,,,,,,,,,,,,,,,,,,,,,,,,,,,,,,,,,,,,,,,,,,,,,,,,,,,,,,,,,,,,,,,,,,,,,,,,,,,,,,,,,,,,,,
61,59,Tony Nelson,OL,6' 6'',280,2 / 2,4 years,"Tracy, Minn. / Tracy-Milroy-Balaton",Minnesota,,,,,,,,,,,,,,,,,,,,,,,,,,,,,,,,,,,,,,,,,,,,,,,,,,,,,,,,,,,,,,,,,,,,,,,,,,,,,,,,,,,,,,,
62,62,Jacob Schuster,DL,6' 2'',300,3 / 3,3 years,"Lacey, Wash. / Tumwater",Minnesota,,,,,,,,,,,,,,,,,,,,,,,,,,,,,,,,,,,,,,,,,,,,,,,,,,,,,,,,,,,,,,,,,,,,,,,,,,,,,,,,,,,,,,,
63,65,Greg Johnson,OL,6' 6'',300,1 / 1,4 years,"Prior Lake, Minn. / Prior Lake",Minnesota,,,,,,,,,,,,,,,,,,,,,,,,,,,,,,,,,,,,,,,,,,,,,,,,,,,,,,,,,,,,,,,,,,,,,,,,,,,,,,,,,,,,,,,
64,66,Nathan Boe,OL,6' 5'',300,6 / 6,1 year,"Lakeville, Minn. / Lakeville North",Minnesota,,,,,,,,,,,,,,,,,,,,,,,,,,,,,,,,,,,,,,,,,,,,,,,,,,,,,,,,,,,,,,,,,,,,,,,,,,,,,,,,,,,,,,,
65,68,Jackson Ruschmeyer,OL,6' 4'',295,4 / 4,3 years,"Hutchinson, Minn. / Holy Family Catholic",Minnesota,,,,,,,,,,,,,,,,,,,,,,,,,,,,,,,,,,,,,,,,,,,,,,,,,,,,,,,,,,,,,,,,,,,,,,,,,,,,,,,,,,,,,,,
66,69,Aireontae Ersery,OL,6' 6'',325,4 / 4,3 years,"Kansas City, Mo. / Ruskin",Minnesota,,,,,,,,,,,,,,,,,,,,,,,,,,,,,,,,,,,,,,,,,,,,,,,,,,,,,,,,,,,,,,,,,,,,,,,,,,,,,,,,,,,,,,,
67,70,Cade McConnell,OL,6' 5'',300,2 / 2,4 years,"Choctaw, Okla. / Choctaw",Minnesota,,,,,,,,,,,,,,,,,,,,,,,,,,,,,,,,,,,,,,,,,,,,,,,,,,,,,,,,,,,,,,,,,,,,,,,,,,,,,,,,,,,,,,,
68,71,Martes Lewis,OL,6' 7'',330,4 / 4,3 years,"Merrillville, Ind. / Merrillville",Minnesota,,,,,,,,,,,,,,,,,,,,,,,,,,,,,,,,,,,,,,,,,,,,,,,,,,,,,,,,,,,,,,,,,,,,,,,,,,,,,,,,,,,,,,,
69,73,Tyrell Lawrence,OL,6' 7'',355,4 / 4,3 years,"Milton, Ontario, Canada / Clearwater Academy International",Minnesota,,,,,,,,,,,,,,,,,,,,,,,,,,,,,,,,,,,,,,,,,,,,,,,,,,,,,,,,,,,,,,,,,,,,,,,,,,,,,,,,,,,,,,,
70,75,Tyler Cooper,OL,6' 5'',310,5 / 5,2 years,"Saint Croix Falls, Wis. / Saint Croix Falls",Minnesota,,,,,,,,,,,,,,,,,,,,,,,,,,,,,,,,,,,,,,,,,,,,,,,,,,,,,,,,,,,,,,,,,,,,,,,,,,,,,,,,,,,,,,,
71,76,Reese Tripp,OL,6' 7'',330,1 / 1,4 years,"Mantorville, Minn. / Kasson-Mantorville",Minnesota,,,,,,,,,,,,,,,,,,,,,,,,,,,,,,,,,,,,,,,,,,,,,,,,,,,,,,,,,,,,,,,,,,,,,,,,,,,,,,,,,,,,,,,
72,77,Quinn Carroll,OL,6' 6'',310,5 / 2,2 years,"Edina, Minn. / Edina / Notre Dame",Minnesota,,,,,,,,,,,,,,,,,,,,,,,,,,,,,,,,,,,,,,,,,,,,,,,,,,,,,,,,,,,,,,,,,,,,,,,,,,,,,,,,,,,,,,,
73,78,Ashton Beers,OL,6' 5'',300,2 / 2,4 years,"Slinger, Wis. / Slinger",Minnesota,,,,,,,,,,,,,,,,,,,,,,,,,,,,,,,,,,,,,,,,,,,,,,,,,,,,,,,,,,,,,,,,,,,,,,,,,,,,,,,,,,,,,,,
74,79,Logan Purcell,OL,6' 7'',260,3 / 3,3 years,"Annandale, Minn. / Annandale",Minnesota,,,,,,,,,,,,,,,,,,,,,,,,,,,,,,,,,,,,,,,,,,,,,,,,,,,,,,,,,,,,,,,,,,,,,,,,,,,,,,,,,,,,,,,
75,80,Dino Kaliakmanis,WR,6' 2'',200,3 / 3,3 years,"Antioch, Ill. / Antioch",Minnesota,,,,,,,,,,,,,,,,,,,,,,,,,,,,,,,,,,,,,,,,,,,,,,,,,,,,,,,,,,,,,,,,,,,,,,,,,,,,,,,,,,,,,,,
76,81,Quentin Redding,WR,5' 7'',150,3 / 3,3 years,"Menomonee Falls, Wis. / Menomonee Falls",Minnesota,,,,,,,,,,,,,,,,,,,,,,,,,,,,,,,,,,,,,,,,,,,,,,,,,,,,,,,,,,,,,,,,,,,,,,,,,,,,,,,,,,,,,,,
77,82,Wyatt Schroeder,TE,6' 5'',260,4 / 4,3 years,"Saint Francis, Minn. / St. Francis",Minnesota,,,,,,,,,,,,,,,,,,,,,,,,,,,,,,,,,,,,,,,,,,,,,,,,,,,,,,,,,,,,,,,,,,,,,,,,,,,,,,,,,,,,,,,
78,84,Jack DiSano,TE,6' 4'',245,2 / 2,4 years,"Glenview, Ill. / Glenbrook South",Minnesota,,,,,,,,,,,,,,,,,,,,,,,,,,,,,,,,,,,,,,,,,,,,,,,,,,,,,,,,,,,,,,,,,,,,,,,,,,,,,,,,,,,,,,,
79,85,Frank Bierman,TE,6' 3'',245,4 / 2,3 years,"Tipton, Iowa / Tipton / Iowa Western CC",Minnesota,,,,,,,,,,,,,,,,,,,,,,,,,,,,,,,,,,,,,,,,,,,,,,,,,,,,,,,,,,,,,,,,,,,,,,,,,,,,,,,,,,,,,,,
80,86,Jameson Geers,TE,6' 6'',250,3 / 3,3 years,"Channahon, Ill. / Providence Catholic",Minnesota,,,,,,,,,,,,,,,,,,,,,,,,,,,,,,,,,,,,,,,,,,,,,,,,,,,,,,,,,,,,,,,,,,,,,,,,,,,,,,,,,,,,,,,
81,87,Nick Kallerup,TE,6' 5'',270,5 / 5,2 years,"Wayzata, Minn. / Wayzata",Minnesota,,,,,,,,,,,,,,,,,,,,,,,,,,,,,,,,,,,,,,,,,,,,,,,,,,,,,,,,,,,,,,,,,,,,,,,,,,,,,,,,,,,,,,,
82,87,Martin Owusu,DL,6' 2'',280,1 / 1,4 years,"Prior Lake, Minn. / Prior Lake",Minnesota,,,,,,,,,,,,,,,,,,,,,,,,,,,,,,,,,,,,,,,,,,,,,,,,,,,,,,,,,,,,,,,,,,,,,,,,,,,,,,,,,,,,,,,
83,88,Brevyn Spann-Ford,TE,6' 7'',270,6 / 6,1 years,"St. Cloud, Minn. / St. Cloud Technical Senior",Minnesota,,,,,,,,,,,,,,,,,,,,,,,,,,,,,,,,,,,,,,,,,,,,,,,,,,,,,,,,,,,,,,,,,,,,,,,,,,,,,,,,,,,,,,,
84,89,Nate Becker,DL,6' 5'',260,3 / 3,3 years,"Maple Grove, Minn. / Maple Grove",Minnesota,,,,,,,,,,,,,,,,,,,,,,,,,,,,,,,,,,,,,,,,,,,,,,,,,,,,,,,,,,,,,,,,,,,,,,,,,,,,,,,,,,,,,,,
85,Skip Ad,Skip Ad,Skip Ad,Skip Ad,Skip Ad,Skip Ad,Skip Ad,Skip Ad,Minnesota,Skip Ad,Skip Ad,Skip Ad,Skip Ad,Skip Ad,Skip Ad,Skip Ad,Skip Ad,Skip Ad,Skip Ad,Skip Ad,Skip Ad,Skip Ad,Skip Ad,Skip Ad,Skip Ad,Skip Ad,Skip Ad,Skip Ad,Skip Ad,Skip Ad,Skip Ad,Skip Ad,Skip Ad,Skip Ad,Skip Ad,Skip Ad,Skip Ad,Skip Ad,Skip Ad,Skip Ad,Skip Ad,Skip Ad,Skip Ad,Skip Ad,Skip Ad,Skip Ad,Skip Ad,Skip Ad,Skip Ad,Skip Ad,Skip Ad,Skip Ad,Skip Ad,Skip Ad,Skip Ad,Skip Ad,Skip Ad,Skip Ad,Skip Ad,Skip Ad,Skip Ad,Skip Ad,Skip Ad,Skip Ad,Skip Ad,Skip Ad,Skip Ad,Skip Ad,Skip Ad,Skip Ad,Skip Ad,Skip Ad,Skip Ad,Skip Ad,Skip Ad,Skip Ad,Skip Ad,Skip Ad,Skip Ad,Skip Ad,Skip Ad,Skip Ad,Skip Ad,Skip Ad,Skip Ad,Skip Ad,Skip Ad,Skip Ad,Skip Ad,Skip Ad,Skip Ad,Skip Ad,Skip Ad,Skip Ad,Skip Ad,Skip Ad
86,89,Nathan Jones,TE,6' 5'',235,2 / 2,4 years,"Brock, Texas / Brock",Minnesota,,,,,,,,,,,,,,,,,,,,,,,,,,,,,,,,,,,,,,,,,,,,,,,,,,,,,,,,,,,,,,,,,,,,,,,,,,,,,,,,,,,,,,,
87,91,Deven Eastern,DL,6' 6'',290,3 / 3,3 years,"Shakopee, Minn. / Shakopee",Minnesota,,,,,,,,,,,,,,,,,,,,,,,,,,,,,,,,,,,,,,,,,,,,,,,,,,,,,,,,,,,,,,,,,,,,,,,,,,,,,,,,,,,,,,,
88,92,Danny Striggow,DL,6' 5'',250,4 / 4,2 years,"Long Lake, Minn. / Orono",Minnesota,,,,,,,,,,,,,,,,,,,,,,,,,,,,,,,,,,,,,,,,,,,,,,,,,,,,,,,,,,,,,,,,,,,,,,,,,,,,,,,,,,,,,,,
89,93,Kyler Baugh,DL,6' 2'',300,5 / 2,1 year,"Talihina, Okla. / Talihina / Houston Baptist",Minnesota,,,,,,,,,,,,,,,,,,,,,,,,,,,,,,,,,,,,,,,,,,,,,,,,,,,,,,,,,,,,,,,,,,,,,,,,,,,,,,,,,,,,,,,
90,96,Mark Crawford,P,6' 5'',220,4 / 4,2 years,"Perth, Western Australia",Minnesota,,,,,,,,,,,,,,,,,,,,,,,,,,,,,,,,,,,,,,,,,,,,,,,,,,,,,,,,,,,,,,,,,,,,,,,,,,,,,,,,,,,,,,,
91,96,Logan Richter,DL,6' 4'',325,5 / 5,2 years,"Perham, Minn. / Perham",Minnesota,,,,,,,,,,,,,,,,,,,,,,,,,,,,,,,,,,,,,,,,,,,,,,,,,,,,,,,,,,,,,,,,,,,,,,,,,,,,,,,,,,,,,,,
92,97,Jalen Logan-Redding,DL,6' 4'',275,4 / 4,3 years,"Columbia, Mo. / Rock Bridge",Minnesota,,,,,,,,,,,,,,,,,,,,,,,,,,,,,,,,,,,,,,,,,,,,,,,,,,,,,,,,,,,,,,,,,,,,,,,,,,,,,,,,,,,,,,,
93,99,Dragan Kesich,K,6' 4'',230,4 / 4,2 years,"Oak Creek, Wis. / Oak Creek",Minnesota,,,,,,,,,,,,,,,,,,,,,,,,,,,,,,,,,,,,,,,,,,,,,,,,,,,,,,,,,,,,,,,,,,,,,,,,,,,,,,,,,,,,,,,
